{"cameraMode":{"drawMode":0,"name":"Shaded","section":"Shading Mode"},"sceneLighting":true,"audioPlay":false,"sceneViewState":{"m_AlwaysRefresh":false,"showFog":true,"showSkybox":true,"showFlares":true,"showImageEffects":true,"showParticleSystems":true,"showVisualEffectGraphs":true,"m_FxEnabled":true},"in2DMode":false,"pivot":{"x":19.020000457763673,"y":2.638324499130249,"z":-0.9509596824645996},"rotation":{"x":-0.20284467935562135,"y":0.02386295050382614,"z":-0.005909838248044252,"w":-0.9790924787521362},"size":1.4818527698516846,"orthographic":false}