{"cameraMode":{"drawMode":0,"name":"Shaded","section":"Shading Mode"},"sceneLighting":true,"audioPlay":false,"sceneViewState":{"m_AlwaysRefresh":false,"showFog":true,"showSkybox":true,"showFlares":true,"showImageEffects":true,"showParticleSystems":true,"showVisualEffectGraphs":true,"m_FxEnabled":true},"in2DMode":false,"pivot":{"x":-35.7569580078125,"y":-2.3255724906921388,"z":0.7806660532951355},"rotation":{"x":0.04050971567630768,"y":-0.6400321125984192,"z":0.033843692392110828,"w":0.7665517926216126},"size":20.966686248779298,"orthographic":false}