{"cameraMode":{"drawMode":0,"name":"Shaded","section":"Shading Mode"},"sceneLighting":true,"audioPlay":false,"sceneViewState":{"m_AlwaysRefresh":false,"showFog":true,"showSkybox":true,"showFlares":true,"showImageEffects":true,"showParticleSystems":true,"showVisualEffectGraphs":true,"m_FxEnabled":true},"in2DMode":false,"pivot":{"x":13.859810829162598,"y":9.125933647155762,"z":0.8224101066589356},"rotation":{"x":-0.015185552649199963,"y":0.6931266784667969,"z":-0.014953775331377983,"w":-0.720672607421875},"size":2.296612024307251,"orthographic":false}