{"cameraMode":{"drawMode":0,"name":"Shaded","section":"Shading Mode"},"sceneLighting":true,"audioPlay":false,"sceneViewState":{"m_AlwaysRefresh":false,"showFog":true,"showSkybox":true,"showFlares":true,"showImageEffects":true,"showParticleSystems":true,"showVisualEffectGraphs":true,"m_FxEnabled":true},"in2DMode":false,"pivot":{"x":16.61190414428711,"y":2.731451988220215,"z":0.3649701476097107},"rotation":{"x":0.029834622517228128,"y":0.6339353322982788,"z":-0.023242060095071794,"w":0.7727007269859314},"size":1.4818527698516846,"orthographic":false}